{
  "_meta": {
    "vector_file": "field_004_sample_with_decay.json",
    "captured_from": "rust",
    "captured_at": "2026-01-21T02:32:58.318365Z",
    "test_id": "field_004",
    "test_name": "field_sample_with_decay",
    "module": "field"
  },
  "expected": {
    "return": "OK",
    "field": {
      "load": {
        "approx": 0.368,
        "tolerance": 0.05
      },
      "thermal": {
        "approx": 0.368,
        "tolerance": 0.05
      },
      "power": {
        "approx": 0.368,
        "tolerance": 0.05
      }
    }
  },
  "actual": {
    "id": "field_004",
    "module": "field",
    "function": "field_sample",
    "passed": true
  },
  "passed": true
}